sequencial;latitude;longitude;uf;cnl;facilidade;id_facilidade;provedor;id_provedor;entrega;abordado;custo_de_acesso_proprio;instalacao_terceiros;mensalidade_terceiros;tipo_terceiros;id_da_sev;prazo;bb_ip;hp_bsod;codigo_spe;sinalizacao_sip;protocolo_gaia;obs;justificativa;ID Justificativa;status;tecnologia
8703216;-8,09427777;-35,2574166;PE;VSA;TERCEIROS ETH;26;BRFIBRA;127;RCE AM;NAO;;800;454,3;3;1630515;;;;;;11835138;FECHAMENTO NFV FASE 2//ESTACAO ENTREGA RCE AM/PRECO PADRAO;FORA DE REDE;1;1;TERCEIROS ETH
8703217;-25,5664444;-49,1869444;PR;SJP;TERCEIROS ETH;26;BRFIBRA;127;CTA MR;NAO;;800;454,3;3;1630516;;;;;;11835139;FECHAMENTO NFV FASE 2/NUVEM SJP MFR_SJP MFR_07_SJP SITE  /ESTACAO ENTREGA CTA MR/PRECO PADRAO;FORA DE REDE;1;1;TERCEIROS ETH
8703218;-28,4511352;-52,1973416;RS;MRA;TERCEIROS ETH;26;VTAL - RS;464;PAE BV;NAO;;10404,47867;421,7619082;3;1630517;;;;;;11835140;FECHAMENTO NFV FASE 2//ESTACAO ENTREGA PAE BV/PRECO PADRAO;FORA DE REDE;1;1;TERCEIROS ETH
8703219;-29,2662901;-51,5539486;RS;GRD;TERCEIROS ETH;26;VTAL - RS;464;PAE BV;NAO;;10404,47867;359,93828;3;1630518;;;;;;11835141;FECHAMENTO NFV FASE 2//ESTACAO ENTREGA PAE BV/PRECO PADRAO;FORA DE REDE;1;1;TERCEIROS ETH
8703220;-28,4684863;-52,211602;RS;MRA;TERCEIROS ETH;26;VTAL - RS;464;PAE BV;NAO;;10404,47867;634,367131;3;1630519;;;;;;11835142;FECHAMENTO NFV FASE 2//ESTACAO ENTREGA PAE BV/PRECO PADRAO;FORA DE REDE;1;1;TERCEIROS ETH
8703221;-26,4026666;-53,1733611;SC;CEW;TERCEIROS ETH;26;VTAL - SC;465;FNS PO;NAO;;10404,47867;338,9420512;3;1630520;;;;;;11835143;FECHAMENTO NFV FASE 2//ESTACAO ENTREGA FNS PO/PRECO PADRAO;FORA DE REDE;1;1;TERCEIROS ETH
8703222;-13,8282222;-56,0723055;MT;NMM;TERCEIROS ETH;26;BRFIBRA;127;CBA MC;NAO;;1000;1266,27;3;1630521;;110843;;;;11835144;FECHAMENTO NFV FASE 2/NMM EN_NMM EN_NMM NMM EN/ESTACAO ENTREGA CBA MC/PRECO PADRAO;FORA DE REDE;1;1;TERCEIROS ETH
8703223;-25,083;-50,1219166;PR;PGO;TERCEIROS ETH;26;VTAL - PR;459;FNS PO;NAO;;10404,47867;710,6936081;3;1630522;;;;;;11835145;FECHAMENTO NFV FASE 2/PGO RB_PGO RB_02_PGO PGO RB/ESTACAO ENTREGA FNS PO/PRECO PADRAO;FORA DE REDE;1;1;TERCEIROS ETH
8703224;-25,7658333;-53,0726111;PR;DVZ;TERCEIROS ETH;26;VTAL - PR;459;CTA MR;NAO;;10404,47867;962,4554941;3;1630523;;111311;;;;11835146;FECHAMENTO NFV FASE 2//ESTACAO ENTREGA CTA MR/PRECO PADRAO;FORA DE REDE;1;1;TERCEIROS ETH
8703225;-23,5723611;-46,6329166;SP;SOC;TERCEIROS ETH;26;UPIX - SP;471;SPO IG;NAO;;990;639;3;1630524;;;;;;11835147;FECHAMENTO NFV FASE 2/SPOIG_ANEL_AVENIDA_DO_ESTADO SPO IG/ESTACAO ENTREGA SPO IG/PRECO PADRAO;FORA DE REDE;1;1;TERCEIROS ETH
8703226;-19,1746388;-47,6854166;MG;NVN;TERCEIROS ETH;26;IG NETWORKS;146;BHE ES;NAO;;2970;1760;3;1630525;;;;;;11835148;FECHAMENTO NFV FASE 2//ESTACAO ENTREGA BHE ES/PRECO PADRAO;FORA DE REDE;1;1;TERCEIROS ETH
8703227;-17,8866111;-51,6510833;GO;JTI;TERCEIROS ETH;26;VTAL - GO;450;GNA RD;NAO;;10506,53229;520,1150715;3;1630526;;;;;;11835149;FECHAMENTO NFV FASE 2//ESTACAO ENTREGA GNA RD/PRECO PADRAO;FORA DE REDE;1;1;TERCEIROS ETH
8703228;-23,7065555;-46,5486111;SP;SBO;TERCEIROS ETH;26;BRFIBRA;127;SPO MB;NAO;;800;444,4;3;1630527;;;;;;11835150;FECHAMENTO NFV FASE 2/ANEL_SNE_SBO LL SBO VE/ESTACAO ENTREGA SPO MB/PRECO PADRAO;FORA DE REDE;1;1;TERCEIROS ETH
8703229;-23,5564166;-46,6624166;SP;SPO;TERCEIROS ETH;26;IG NETWORKS;146;SPO IG;NAO;;1485;1408;3;1630528;;;;;;11835151;FECHAMENTO NFV FASE 2//ESTACAO ENTREGA SPO IG/PRECO PADRAO;FORA DE REDE;1;1;TERCEIROS ETH
8703230;-16,8246111;-49,2161388;GO;ACG;TERCEIROS ETH;26;BRFIBRA;127;SPO IG;NAO;;1000;770;3;1630529;;110844;;;;11835152;FECHAMENTO NFV FASE 2/ACG PAI_ACG PAI_ACG ACG PAI/ESTACAO ENTREGA SPO IG/PRECO PADRAO;FORA DE REDE;1;1;TERCEIROS ETH
8703231;-23,62575;-46,7052222;SP;SPO;TERCEIROS ETH;26;BRFIBRA;127;SPO IG;NAO;;1000;1540;3;1630530;;110845;;;;11835153;FECHAMENTO NFV FASE 2/SPOMB_ANEL_CENESP SPO MB/ESTACAO ENTREGA SPO IG/PRECO PADRAO;FORA DE REDE;1;1;TERCEIROS ETH
8703232;-23,1585555;-47,0031944;SP;JAI;TERCEIROS ETH;26;UPIX - SP;471;SPO IG;NAO;;990;1782;3;1630531;;110846;;;;11835154;FECHAMENTO NFV FASE 2//ESTACAO ENTREGA SPO IG/PRECO PADRAO;FORA DE REDE;1;1;TERCEIROS ETH
8703233;-23,608;-46,6474444;SP;SPO;TERCEIROS ETH;26;BRFIBRA;127;SPO IG;NAO;;800;444,4;3;1630532;;;;;;11835155;FECHAMENTO NFV FASE 2/SAUQA HUB_VESPER MAURO/ESTACAO ENTREGA SPO IG/PRECO PADRAO;FORA DE REDE;1;1;TERCEIROS ETH
8703234;-28,4613491;-52,200414;RS;MRA;TERCEIROS ETH;26;VTAL - RS;464;PAE BV;NAO;;10404,47867;634,367131;3;1630533;;;;;;11835156;FECHAMENTO NFV FASE 2//ESTACAO ENTREGA PAE BV/PRECO PADRAO;FORA DE REDE;1;1;TERCEIROS ETH
8703235;-15,6318333;-56,0928333;MT;VAZ;TERCEIROS ETH;26;VTAL - MT;456;CBA MC;NAO;;9913,716982;386,8667713;3;1630534;;;;;;11835157;FECHAMENTO NFV FASE 2//ESTACAO ENTREGA CBA MC/PRECO PADRAO;FORA DE REDE;1;1;TERCEIROS ETH
8703236;-22,2084444;-54,85775;MS;DOS;TERCEIROS ETH;26;VTAL - MS;453;CPE CM;NAO;;9913,716982;676,1444096;3;1630535;;;;;;11835158;FECHAMENTO NFV FASE 2//ESTACAO ENTREGA CPE CM/PRECO PADRAO;FORA DE REDE;1;1;TERCEIROS ETH
8703237;-23,5424166;-46,7323888;SP;SPO;TERCEIROS ETH;26;BRFIBRA;127;SPO IG;NAO;;1000;770;3;1630536;;110847;;;;11835159;FECHAMENTO NFV FASE 2//ESTACAO ENTREGA SPO IG/PRECO PADRAO;FORA DE REDE;1;1;TERCEIROS ETH
8703238;-26,8840277;-52,393;SC;XXE;TERCEIROS ETH;26;VTAL - SC;465;FNS PO;NAO;;11048,84306;338,9420512;3;1630537;;;;;;11835160;FECHAMENTO NFV FASE 2/FABRICANTE   CONCENTRADOR OLT SCEBT16/ESTACAO ENTREGA FNS PO/PRECO PADRAO;FORA DE REDE;1;1;TERCEIROS ETH
8703239;-23,62575;-46,7052222;SP;SPO;TERCEIROS ETH;26;BRFIBRA;127;SPO IG;NAO;;800;444,4;3;1630538;;;;;;11835161;FECHAMENTO NFV FASE 2/SPOMB_ANEL_CENESP SPO MB/ESTACAO ENTREGA SPO IG/PRECO PADRAO;FORA DE REDE;1;1;TERCEIROS ETH
8703240;-18,9003333;-48,3091111;MG;ULA;TERCEIROS ETH;26;IG NETWORKS;146;BHE ES;NAO;;1485;1822;3;1630539;;110848;;;;11835162;FECHAMENTO NFV FASE 2/ULAMA_NUVEMGPON ULA MA/ESTACAO ENTREGA BHE ES/PRECO PADRAO;FORA DE REDE;1;1;TERCEIROS ETH
8703241;-29,4506111;-51,9793888;RS;LJO;TERCEIROS ETH;26;UNIFIQUE - RS;1439;SPO IG;NAO;;690;525;3;1630540;;;;;;11835163;FECHAMENTO NFV FASE 2/NELLJOSSB LJO SSB/ESTACAO ENTREGA SPO IG/PRECO PADRAO;FORA DE REDE;1;1;TERCEIROS ETH
8703242;-22,3116944;-54,7832222;MS;DOS;TERCEIROS ETH;26;VTAL - MS;453;CPE CM;NAO;;22290,32548;1180,106692;3;1630541;;110849;;;;11835164;FECHAMENTO NFV FASE 2//ESTACAO ENTREGA CPE CM/PRECO PADRAO;FORA DE REDE;1;1;TERCEIROS ETH
8703243;-21,9126666;-50,7361666;SP;BAS;TERCEIROS ETH;26;IG NETWORKS;146;SPO IG;NAO;;1485;1408;3;1630542;;;;;;11835165;FECHAMENTO NFV FASE 2//ESTACAO ENTREGA SPO IG/PRECO PADRAO;FORA DE REDE;1;1;TERCEIROS ETH
8703244;-30,0283055;-51,2298055;RS;PAE;TERCEIROS ETH;26;BRFIBRA;127;PAE BV;NAO;;800;444,4;3;1630543;;;;;;11835166;FECHAMENTO NFV FASE 2/ANEL_PAEMF PAE MF/ESTACAO ENTREGA PAE BV/PRECO PADRAO;FORA DE REDE;1;1;TERCEIROS ETH
8703245;-18,9055277;-48,30025;MG;ULA;TERCEIROS ETH;26;IG NETWORKS;146;BHE ES;NAO;;1485;1822;3;1630544;;110850;;;;11835167;FECHAMENTO NFV FASE 2/ULAMA_NUVEMGPON ULA MA/ESTACAO ENTREGA BHE ES/PRECO PADRAO;FORA DE REDE;1;1;TERCEIROS ETH
8703246;-8,11994444;-34,9014166;PE;RCE;TERCEIROS ETH;26;BRFIBRA;127;RCE AM;NAO;;1000;770;3;1630545;;110851;;;;11835168;FECHAMENTO NFV FASE 2/GPON_RCE BV_01 RCE BV/ESTACAO ENTREGA RCE AM/PRECO PADRAO;FORA DE REDE;1;1;TERCEIROS ETH
8703247;-25,3010555;-54,0767222;PR;MDN;TERCEIROS ETH;26;VTAL - PR;459;CTA MR;NAO;;11048,84306;459,3630814;3;1630546;;;;;;11835169;FECHAMENTO NFV FASE 2//ESTACAO ENTREGA CTA MR/PRECO PADRAO;FORA DE REDE;1;1;TERCEIROS ETH
8703248;-20,5392777;-54,5944722;MS;CPE;TERCEIROS ETH;26;VTAL - MS;453;CPE CM;NAO;;9225,915002;362,5354238;3;1630547;;;;;;11835170;FECHAMENTO NFV FASE 2//ESTACAO ENTREGA CPE CM/PRECO PADRAO;FORA DE REDE;1;1;TERCEIROS ETH
8703249;-29,8547222;-51,2595833;RS;NVSR;TERCEIROS ETH;26;VTAL - RS;464;PAE BV;NAO;;10404,47867;724,7826885;3;1630548;;110852;;;;11835171;FECHAMENTO NFV FASE 2/NUVEM RSNST03 - NUVEM DIRETO CLARO SITE RSNST03/ESTACAO ENTREGA PAE BV/PRECO PADRAO;FORA DE REDE;1;1;TERCEIROS ETH
8703250;-27,5900262;-52,1011666;RS;GAU;TERCEIROS ETH;26;VTAL - RS;464;CTA MR;NAO;;10404,47867;421,7619082;3;1630549;;;;;;11835172;FECHAMENTO NFV FASE 2//ESTACAO ENTREGA CTA MR/PRECO PADRAO;FORA DE REDE;1;1;TERCEIROS ETH
8703251;-23,6287777;-46,7320833;SP;SPO;TERCEIROS ETH;26;BRFIBRA;127;SPO IG;NAO;;800;444,4;3;1630550;;;;;;11835173;FECHAMENTO NFV FASE 2/VANED HUB_VILA SONIA/ESTACAO ENTREGA SPO IG/PRECO PADRAO;FORA DE REDE;1;1;TERCEIROS ETH
8703252;-22,7953611;-43,2798611;RJ;DQX;TERCEIROS ETH;26;VTAL - RJ;460;RJO AM;NAO;;9913,716982;871,6128341;3;1630551;;110854;;;;11835174;FECHAMENTO NFV FASE 2/DQX TRC DQX TRC/ESTACAO ENTREGA RJO AM/PRECO PADRAO;FORA DE REDE;1;1;TERCEIROS ETH
8703253;-28,7140093;-51,9310243;RS;SFO;TERCEIROS ETH;26;VTAL - RS;464;PAE BV;NAO;;10404,47867;467,2176949;3;1630552;;;;;;11835175;FECHAMENTO NFV FASE 2//ESTACAO ENTREGA PAE BV/PRECO PADRAO;FORA DE REDE;1;1;TERCEIROS ETH
8703254;-18,8560833;-48,2664166;MG;ULA;TERCEIROS ETH;26;VTAL - MG;452;BHE ES;NAO;;22297,01258;528,5838385;3;1630553;;;;;;11835176;FECHAMENTO NFV FASE 2//ESTACAO ENTREGA BHE ES/PRECO PADRAO;FORA DE REDE;1;1;TERCEIROS ETH
8703255;-23,6164722;-46,5686388;SP;SCN;TERCEIROS ETH;26;BRFIBRA;127;SPO IG;NAO;;800;444,4;3;1630554;;;;;;11835177;FECHAMENTO NFV FASE 2/ESTACAO ENTREGA HUB_SAO CAETANO DO SUL / HE_SANTO ANDRE/ESTACAO ENTREGA SPO IG/PRECO PADRAO;FORA DE REDE;1;1;TERCEIROS ETH
8703256;-27,4898888;-48,6780555;SC;BGC;TERCEIROS ETH;26;BRFIBRA;127;FNS PO;NAO;;800;444,4;3;1630555;;;;;;11835178;FECHAMENTO NFV FASE 2/BGC GV_BGC GV5_BGC BGC GV/ESTACAO ENTREGA FNS PO/PRECO PADRAO;FORA DE REDE;1;1;TERCEIROS ETH
8703257;-29,4106944;-51,9618333;RS;AOI;TERCEIROS ETH;26;VTAL - RS;464;PAE BV;NAO;;11048,84306;338,9420512;3;1630556;;;;;;11835179;FECHAMENTO NFV FASE 2/AOIC01 AOI C01/ESTACAO ENTREGA PAE BV/PRECO PADRAO;FORA DE REDE;1;1;TERCEIROS ETH
8703258;-19,8356944;-44,0811666;MG;RNS;TERCEIROS ETH;26;VTAL - MG;452;BHE ES;NAO;;10404,47867;1462,02386;3;1630557;;110855;;;;11835181;FECHAMENTO NFV FASE 2/NUVEM RNSVP_NUVEMGPON SITE MGRBN02/ESTACAO ENTREGA BHE ES/PRECO PADRAO;FORA DE REDE;1;1;TERCEIROS ETH
8703259;-27,4092196;-51,2156836;SC;CNV;TERCEIROS ETH;26;VTAL - SC;465;FNS PO;NAO;;22248,94848;421,7619082;3;1630558;;;;;;11835182;FECHAMENTO NFV FASE 2//ESTACAO ENTREGA FNS PO/PRECO PADRAO;FORA DE REDE;1;1;TERCEIROS ETH
8703260;-23,5332633;-46,7283035;SP;SPO;TERCEIROS ETH;26;BRFIBRA;127;SPO IG;NAO;;800;444,4;3;1630559;;;;;;11835183;FECHAMENTO NFV FASE 2/SPOLP_GRADE_HEITOR 1 SPO LP/ESTACAO ENTREGA SPO IG/PRECO PADRAO;FORA DE REDE;1;1;TERCEIROS ETH
8703261;-29,3936666;-51,9255833;RS;AOI;TERCEIROS ETH;26;VTAL - RS;464;PAE BV;NAO;;10404,47867;338,9420512;3;1630560;;;;;;11835184;FECHAMENTO NFV FASE 2/AOIC01 AOI C01/ESTACAO ENTREGA PAE BV/PRECO PADRAO;FORA DE REDE;1;1;TERCEIROS ETH
8703262;-29,4622222;-51,9911388;RS;LJO;TERCEIROS ETH;26;UNIFIQUE - RS;1439;CTA MR;NAO;;690;525;3;1630561;;;;;;11835185;FECHAMENTO NFV FASE 2/NELLJOSSB LJO SSB/ESTACAO ENTREGA CTA MR/PRECO PADRAO;FORA DE REDE;1;1;TERCEIROS ETH
8703263;-21,7474722;-52,4751944;MS;BTG;TERCEIROS ETH;26;VTAL - MS;453;CPE CM;NAO;;10506,53229;1721,242625;3;1630562;;111312;;;;11835186;FECHAMENTO NFV FASE 2//ESTACAO ENTREGA CPE CM/PRECO PADRAO;FORA DE REDE;1;1;TERCEIROS ETH
8703264;-22,9788611;-47,0455555;SP;CAS;TERCEIROS ETH;26;UPIX - SP;471;SPO IG;NAO;;990;1782;3;1630563;;110856;;;;11835187;FECHAMENTO NFV FASE 2//ESTACAO ENTREGA SPO IG/PRECO PADRAO;FORA DE REDE;1;1;TERCEIROS ETH
8703265;-17,5799465;-52,5391143;GO;MNI;TERCEIROS ETH;26;VTAL - GO;450;GNA RD;NAO;;9913,716982;599,8179325;3;1630564;;;;;;11835188;FECHAMENTO NFV FASE 2//ESTACAO ENTREGA GNA RD/PRECO PADRAO;FORA DE REDE;1;1;TERCEIROS ETH
8703266;-27,173495;-51,500202;SC;HVD;TERCEIROS ETH;26;VTAL - SC;465;FNS PO;NAO;;10404,47867;467,2176949;3;1630565;;;;;;11835189;FECHAMENTO NFV FASE 2/JCA MP_JCA MP_HVD JCA MP/ESTACAO ENTREGA FNS PO/PRECO PADRAO;FORA DE REDE;1;1;TERCEIROS ETH
8703267;-18,8988333;-48,3853888;MG;ULA;TERCEIROS ETH;26;IG NETWORKS;146;BHE ES;NAO;;2970;1760;3;1630566;;;;;;11835190;FECHAMENTO NFV FASE 2//ESTACAO ENTREGA BHE ES/PRECO PADRAO;FORA DE REDE;1;1;TERCEIROS ETH
8703268;-22,6150277;-43,2940833;RJ;DQX;TERCEIROS ETH;26;VTAL - RJ;460;RJO AM;NAO;;9913,716982;421,2824965;3;1630567;;;;;;11835191;FECHAMENTO NFV FASE 2//ESTACAO ENTREGA RJO AM/PRECO PADRAO;FORA DE REDE;1;1;TERCEIROS ETH
8703269;-23,66184;-46,84758;SP;EMB;TERCEIROS ETH;26;IG NETWORKS;146;SPO IG;NAO;;1485;1408;3;1630568;;;;;;11835192;FECHAMENTO NFV FASE 2//ESTACAO ENTREGA SPO IG/PRECO PADRAO;FORA DE REDE;1;1;TERCEIROS ETH
8703270;-27,3605635;-51,301437;SC;CNV;TERCEIROS ETH;26;VTAL - SC;465;FNS PO;NAO;;33081,1738;634,367131;3;1630569;;;;;;11835193;FECHAMENTO NFV FASE 2//ESTACAO ENTREGA FNS PO/PRECO PADRAO;FORA DE REDE;1;1;TERCEIROS ETH
8703271;-10,1881666;-48,8763888;TO;PIT;TERCEIROS ETH;26;VTAL - TO;468;PMJ SO;NAO;;10506,53229;362,5354238;3;1630570;;;;;;11835194;FECHAMENTO NFV FASE 2/PIT AA_PIT AA_PIT PIT AA/ESTACAO ENTREGA PMJ SO/PRECO PADRAO;FORA DE REDE;1;1;TERCEIROS ETH
8703272;-22,7028888;-43,6904166;RJ;SERP;TERCEIROS ETH;26;VTAL - RJ;460;RJO AM;NAO;;20836,41459;1121,654676;3;1630571;;111313;;;;11835195;FECHAMENTO NFV FASE 2//ESTACAO ENTREGA RJO AM/PRECO PADRAO;FORA DE REDE;1;1;TERCEIROS ETH
8703273;-15,6368888;-56,2070833;MT;VAZ;TERCEIROS ETH;26;VTAL - MT;456;CBA MC;NAO;;9913,716982;386,8667713;3;1630572;;;;;;11835196;FECHAMENTO NFV FASE 2/NUVEM MTVAZ54 - NUVEM DIRETO CLARO SITE MTVAZ54/ESTACAO ENTREGA CBA MC/PRECO PADRAO;FORA DE REDE;1;1;TERCEIROS ETH
8703274;-27,3784664;-51,5857561;SC;CNZ;TERCEIROS ETH;26;VTAL - SC;465;FNS PO;NAO;;10404,47867;634,367131;3;1630573;;;;;;11835197;FECHAMENTO NFV FASE 2//ESTACAO ENTREGA FNS PO/PRECO PADRAO;FORA DE REDE;1;1;TERCEIROS ETH
8703275;-32,1323277;-52,1525777;RS;RGR;TERCEIROS ETH;26;VTAL - RS;464;PAE BV;NAO;;10404,47867;359,93828;3;1630574;;;;;;11835198;FECHAMENTO NFV FASE 2/NUVEM NVOE_RSRGR11 SITE RSRGR11/ESTACAO ENTREGA PAE BV/PRECO PADRAO;FORA DE REDE;1;1;TERCEIROS ETH
8703276;-22,3352222;-49,0307222;SP;BRU;TERCEIROS ETH;26;IG NETWORKS;146;SPO IG;NAO;;1485;1408;3;1630575;;;;;;11835199;FECHAMENTO NFV FASE 2/BRU AL_BRU DOB BRU AL/ESTACAO ENTREGA SPO IG/PRECO PADRAO;FORA DE REDE;1;1;TERCEIROS ETH
8703277;-29,4622222;-51,9909722;RS;LJO;TERCEIROS ETH;26;UNIFIQUE - RS;1439;PAE BV;NAO;;690;825;3;1630576;;111314;;;;11835200;FECHAMENTO NFV FASE 2/LJO SSB _ANELLJOSSB LJO SSB/ESTACAO ENTREGA PAE BV/PRECO PADRAO;FORA DE REDE;1;1;TERCEIROS ETH
8703278;-22,9552222;-47,0965833;SP;CAS;TERCEIROS ETH;26;UPIX - SP;471;SPO IG;NAO;;990;639;3;1630577;;;;;;11835201;FECHAMENTO NFV FASE 2/CAS BC_ANEL CAS DI CAS BC/ESTACAO ENTREGA SPO IG/PRECO PADRAO;FORA DE REDE;1;1;TERCEIROS ETH
8703279;-31,4019166;-53,9016666;RS;HUNE;TERCEIROS ETH;26;VTAL - RS;464;PAE BV;NAO;;10404,47867;724,7826885;3;1630578;;111315;;;;11835202;FECHAMENTO NFV FASE 2//ESTACAO ENTREGA PAE BV/PRECO PADRAO;FORA DE REDE;1;1;TERCEIROS ETH
8703280;-22,9709444;-43,3666388;RJ;RJO;TERCEIROS ETH;26;VTAL - RJ;460;RJO AM;NAO;;8501,152813;946,7868733;3;1630579;;111316;;;;11835203;FECHAMENTO NFV FASE 2/RJO ST_RJOST_NUVEMOPT_RJO_08 RJO ST/ESTACAO ENTREGA RJO AM/PRECO PADRAO;FORA DE REDE;1;1;TERCEIROS ETH
8703281;-17,8240277;-50,9908888;GO;RVDE;TERCEIROS ETH;26;MASTER TELECOM - MT;352;GNA RD;NAO;;2800;2200;3;1630580;;111317;;;;11835204;FECHAMENTO NFV FASE 2//ESTACAO ENTREGA GNA RD/PRECO PADRAO;FORA DE REDE;1;1;TERCEIROS ETH
8703282;-12,2337316;-56,154657;MT;IPYR;TERCEIROS ETH;26;MASTER TELECOM - MT;352;CBA MC;NAO;;3500;1680;3;1630581;;;;;;11835205;FECHAMENTO NFV FASE 2//ESTACAO ENTREGA CBA MC/PRECO PADRAO;FORA DE REDE;1;1;TERCEIROS ETH
8703283;-20,3621111;-40,4305;ES;VIA;TERCEIROS ETH;26;K2 TELECOM - ES;1229;VTA JM;NAO;;2500;405;3;1630582;;;;;;11835206;FECHAMENTO NFV FASE 2/VTA JM_VIA GRS_VIA VTA JM/ESTACAO ENTREGA VTA JM/PRECO PADRAO;FORA DE REDE;1;1;TERCEIROS ETH
8703284;-17,5755841;-52,5191678;GO;MNI;TERCEIROS ETH;26;BRFIBRA;127;GNA RD;NAO;;800;694,28;3;1630583;;;;;;11835207;FECHAMENTO NFV FASE 2//ESTACAO ENTREGA GNA RD/PRECO PADRAO;FORA DE REDE;1;1;TERCEIROS ETH
8703285;-22,63;-47,2849722;SP;LRA;TERCEIROS ETH;26;IG NETWORKS;146;SPO IG;NAO;;2970;1760;3;1630584;;;;;;11835208;FECHAMENTO NFV FASE 2//ESTACAO ENTREGA SPO IG/PRECO PADRAO;FORA DE REDE;1;1;TERCEIROS ETH
8703286;-29,6090833;-51,1724444;RS;IVI;TERCEIROS ETH;26;VTAL - RS;464;PAE BV;NAO;;11048,84306;421,7619082;3;1630585;;;;;;11835209;FECHAMENTO NFV FASE 2/FABRICANTE   CONCENTRADOR OLT NHO LO/ESTACAO ENTREGA PAE BV/PRECO PADRAO;FORA DE REDE;1;1;TERCEIROS ETH
8703287;-17,4725883;-52,5761598;GO;MNI;TERCEIROS ETH;26;BRFIBRA;127;GNA RD;NAO;;800;694,28;3;1630586;;;;;;11835210;FECHAMENTO NFV FASE 2//ESTACAO ENTREGA GNA RD/PRECO PADRAO;FORA DE REDE;1;1;TERCEIROS ETH
8703288;-3,9495;-38,5126111;CE;IAGA;TERCEIROS ETH;26;VTAL - CE;447;FLA PV;NAO;;9913,716982;1684,791892;3;1630587;;111318;;;;11835211;FECHAMENTO NFV FASE 2//ESTACAO ENTREGA FLA PV/PRECO PADRAO;FORA DE REDE;1;1;TERCEIROS ETH
8703289;-25,5483055;-48,5719166;PR;PNG;TERCEIROS ETH;26;BRFIBRA;127;CTA MR;NAO;;800;709,74;3;1630588;;;;;;11835212;FECHAMENTO NFV FASE 2/PNG GL_PNG GL_PNG PNG GL/ESTACAO ENTREGA CTA MR/PRECO PADRAO;FORA DE REDE;1;1;TERCEIROS ETH
8703290;-23,4674166;-46,8473611;SP;SPB;TERCEIROS ETH;26;BRFIBRA;127;SPO IG;NAO;;800;444,4;3;1630589;;;;;;11835213;FECHAMENTO NFV FASE 2/BREAG_ANEL_SANTANA_DE_PARNAIBA BRE AG/ESTACAO ENTREGA SPO IG/PRECO PADRAO;FORA DE REDE;1;1;TERCEIROS ETH
8703291;-15,63225;-56,0923888;MT;VAZ;TERCEIROS ETH;26;VTAL - MT;456;CBA MC;NAO;;9913,716982;4446,7985;3;1630590;;111319;;;;11835214;FECHAMENTO NFV FASE 2//ESTACAO ENTREGA CBA MC/PRECO PADRAO;FORA DE REDE;1;1;TERCEIROS ETH
8703292;-23,31668;-47,87808;SP;TTI;TERCEIROS ETH;26;IG NETWORKS;146;SPO IG;NAO;;2970;2278;3;1630591;;110857;;;;11835215;FECHAMENTO NFV FASE 2//ESTACAO ENTREGA SPO IG/PRECO PADRAO;FORA DE REDE;1;1;TERCEIROS ETH
8703293;-25,5158888;-48,5126111;PR;PNG;TERCEIROS ETH;26;BRFIBRA;127;CTA TF;NAO;;800;694,28;3;1630592;;;;;;11835216;FECHAMENTO NFV FASE 2/FABRICANTE   CONCENTRADOR OLT PRPNG13/ESTACAO ENTREGA CTA TF/PRECO PADRAO;FORA DE REDE;1;1;TERCEIROS ETH
8703294;-1,36386111;-48,2773055;PA;BVS;TERCEIROS ETH;26;VTAL - PA;454;BLM QB;NAO;;9913,716982;507,4866623;3;1630593;;;;;;11835217;FECHAMENTO NFV FASE 2//ESTACAO ENTREGA BLM QB/PRECO PADRAO;FORA DE REDE;1;1;TERCEIROS ETH
8703295;-23,2636388;-51,1176111;PR;LDA;TERCEIROS ETH;26;VTAL - PR;459;CTA MR;NAO;;11048,84306;962,4554941;3;1630594;;110858;;;;11835218;FECHAMENTO NFV FASE 2//ESTACAO ENTREGA CTA MR/PRECO PADRAO;FORA DE REDE;1;1;TERCEIROS ETH
8703296;-24,9396944;-50,1325;PR;CBQ;TERCEIROS ETH;26;VTAL - PR;459;CTA MR;NAO;;10404,47867;710,6936081;3;1630595;;;;;;11835219;FECHAMENTO NFV FASE 2//ESTACAO ENTREGA CTA MR/PRECO PADRAO;FORA DE REDE;1;1;TERCEIROS ETH
8703297;-17,8171944;-52,0263055;GO;JTI;TERCEIROS ETH;26;VTAL - GO;450;GNA RD;NAO;;9913,716982;520,1150715;3;1630596;;;;;;11835220;FECHAMENTO NFV FASE 2//ESTACAO ENTREGA GNA RD/PRECO PADRAO;FORA DE REDE;1;1;TERCEIROS ETH
8703298;-29,5993888;-51,17625;RS;IVI;TERCEIROS ETH;26;IG NETWORKS;146;PAE BV;NAO;;1485;1408;3;1630597;;;;;;11835221;FECHAMENTO NFV FASE 2/FABRICANTE   CONCENTRADOR OLT NHO LO/ESTACAO ENTREGA PAE BV/PRECO PADRAO;FORA DE REDE;1;1;TERCEIROS ETH
8703299;-21,5605;-49,8681944;SP;PMO;TERCEIROS ETH;26;IG NETWORKS;146;SPO IG;NAO;;1485;2229;3;1630598;;111320;;;;11835222;FECHAMENTO NFV FASE 2//ESTACAO ENTREGA SPO IG/PRECO PADRAO;FORA DE REDE;1;1;TERCEIROS ETH
8703300;-26,872887;-48,732492;SC;IAI;TERCEIROS ETH;26;VTAL - SC;465;FNS PO;NAO;;10404,47867;634,367131;3;1630599;;;;;;11835223;FECHAMENTO NFV FASE 2/NUVEM IAI GM_IAI GM_03_IAI SITE SCIAI35/ESTACAO ENTREGA FNS PO/PRECO PADRAO;FORA DE REDE;1;1;TERCEIROS ETH
8703301;-27,0681143;-51,660385;SC;CTV;TERCEIROS ETH;26;VTAL - SC;465;FNS PO;NAO;;10404,47867;359,93828;3;1630600;;;;;;11835225;FECHAMENTO NFV FASE 2/NUVEM SCCDV01 - NUVEM DIRETO CLARO SITE SCCDV01/ESTACAO ENTREGA FNS PO/PRECO PADRAO;FORA DE REDE;1;1;TERCEIROS ETH
8703302;-28,2744473;-49,1647011;SC;BONE;TERCEIROS ETH;26;SOLUCAO NETWORK - SC;1802;FNS PO;NAO;;1100;1482;3;1630601;;;;;;11835226;FECHAMENTO NFV FASE 2//ESTACAO ENTREGA FNS PO/PRECO PADRAO;FORA DE REDE;1;1;TERCEIROS ETH
8703303;-13,0181666;-55,9477777;MT;LRV;TERCEIROS ETH;26;BRFIBRA;127;CBA MC;NAO;;1000;1519,52;3;1630602;;110859;;;;11835227;FECHAMENTO NFV FASE 2//ESTACAO ENTREGA CBA MC/PRECO PADRAO;FORA DE REDE;1;1;TERCEIROS ETH
8703304;-15,8420277;-48,0438888;DF;BSA;TERCEIROS ETH;26;BRFIBRA;127;BSA SU;NAO;;800;454,3;3;1630603;;;;;;11835228;FECHAMENTO NFV FASE 2/NUVEM DFTAG19 - NUVEM DIRETO CLARO SITE DFTAG19/ESTACAO ENTREGA BSA SU/PRECO PADRAO;FORA DE REDE;1;1;TERCEIROS ETH
8703305;-21,5627498;-49,8513502;SP;PMO;TERCEIROS ETH;26;IG NETWORKS;146;SPO IG;NAO;;1485;1822;3;1630604;;111321;;;;11835229;FECHAMENTO NFV FASE 2//ESTACAO ENTREGA SPO IG/PRECO PADRAO;FORA DE REDE;1;1;TERCEIROS ETH
8703306;-17,4246666;-51,1966944;GO;MVU;TERCEIROS ETH;26;IG NETWORKS;146;GNA RD;NAO;;3630;2736;3;1630605;;;;;;11835230;FECHAMENTO NFV FASE 2//ESTACAO ENTREGA GNA RD/PRECO PADRAO;FORA DE REDE;1;1;TERCEIROS ETH
8703307;-5,21375;-42,7468055;PI;TSA;TERCEIROS ETH;26;MEGALINK - PI;1417;TSA AN;NAO;;1000;600;3;1630606;;;;;;11835231;FECHAMENTO NFV FASE 2//ESTACAO ENTREGA TSA AN/PRECO PADRAO;FORA DE REDE;1;1;TERCEIROS ETH
8703308;-5,92788888;-35,2644722;RN;PWM;TERCEIROS ETH;26;BRFIBRA;127;NTL JU;NAO;;800;444,4;3;1630607;;;;;;11835232;FECHAMENTO NFV FASE 2/NTL JU_FO ANEL RNALC02A PWM NTL JU/ESTACAO ENTREGA NTL JU/PRECO PADRAO;FORA DE REDE;1;1;TERCEIROS ETH
8703309;-12,8634444;-38,4220555;BA;SDR;TERCEIROS ETH;26;VTAL - BA;446;SDR RC;NAO;;6504,158903;400,5080102;3;1630608;;;;;;11835233;FECHAMENTO NFV FASE 2/SDR VY_SDRVY_001 SDR VY/ESTACAO ENTREGA SDR RC/PRECO PADRAO;FORA DE REDE;1;1;TERCEIROS ETH
8703310;-26,0348737;-53,0622393;PR;FNB;TERCEIROS ETH;26;VTAL - PR;459;CTA MR;NAO;;10404,47867;710,6936081;3;1630609;;;;;;11835234;FECHAMENTO NFV FASE 2/FNB TNC_FNB TNC_03_FNB FNB TNC/ESTACAO ENTREGA CTA MR/PRECO PADRAO;FORA DE REDE;1;1;TERCEIROS ETH
8703311;-25,567;-49,1861388;PR;SJP;TERCEIROS ETH;26;BRFIBRA;127;CTA MR;NAO;;800;444,4;3;1630610;;;;;;11835235;FECHAMENTO NFV FASE 2/NUVEM SJP MFR_SJP MFR_07_SJP SITE  /ESTACAO ENTREGA CTA MR/PRECO PADRAO;FORA DE REDE;1;1;TERCEIROS ETH
8703312;-26,9196944;-48,6499722;SC;IAI;TERCEIROS ETH;26;SOLUCAO NETWORK - SC;1802;SPO IG;NAO;;1100;4389;3;1630611;;110860;;;;11835236;FECHAMENTO NFV FASE 2/BCU BC_BCU BC_15_BCU BCU BC/ESTACAO ENTREGA SPO IG/PRECO PADRAO;FORA DE REDE;1;1;TERCEIROS ETH
8703313;-9,56511111;-35,7599166;AL;MCO;TERCEIROS ETH;26;VTAL - AC;619;MCO MS;NAO;;6504,158903;362,5354238;3;1630612;;;;;;11835237;FECHAMENTO NFV FASE 2/TAB02 HUB_MACEIO/ESTACAO ENTREGA MCO MS/PRECO PADRAO;FORA DE REDE;1;1;TERCEIROS ETH
8703314;-27,0045833;-51,0801666;SC;VII;TERCEIROS ETH;26;UNIFIQUE - SC;1440;FNS PO;NAO;;690;525;3;1630613;;;;;;11835238;FECHAMENTO NFV FASE 2/NUVEM SCVII04 - NUVEM DIRETO CLARO SITE SCVII04/ESTACAO ENTREGA FNS PO/PRECO PADRAO;FORA DE REDE;1;1;TERCEIROS ETH
8703315;-15,9731666;-48,0690555;DF;BSA;TERCEIROS ETH;26;VTAL - DF;448;BSA SU;NAO;;8740,926982;400,5080102;3;1630614;;;;;;11835239;FECHAMENTO NFV FASE 2//ESTACAO ENTREGA BSA SU/PRECO PADRAO;FORA DE REDE;1;1;TERCEIROS ETH
8703316;-22,9000174;-47,2008174;SP;HORT;TERCEIROS ETH;26;IG NETWORKS;146;SPO IG;NAO;;2970;6681;3;1630615;;111322;;;;11835240;FECHAMENTO NFV FASE 2//ESTACAO ENTREGA SPO IG/PRECO PADRAO;FORA DE REDE;1;1;TERCEIROS ETH
8703317;-26,9187777;-48,6517777;SC;IAI;TERCEIROS ETH;26;BRFIBRA;127;SPO IG;NAO;;800;694,28;3;1630616;;;;;;11835241;FECHAMENTO NFV FASE 2/BCU BC_BCU BC_15_BCU BCU BC/ESTACAO ENTREGA SPO IG/PRECO PADRAO;FORA DE REDE;1;1;TERCEIROS ETH
8703318;-26,87063;-52,30014;SC;FHS;TERCEIROS ETH;26;VTAL - SC;465;FNS PO;NAO;;10404,47867;467,2176949;3;1630617;;;;;;11835243;FECHAMENTO NFV FASE 2//ESTACAO ENTREGA FNS PO/PRECO PADRAO;FORA DE REDE;1;1;TERCEIROS ETH
8703319;-26,1623055;-52,6970277;PR;PBC;TERCEIROS ETH;26;SOLUCAO NETWORK - PR;740;CTA MR;NAO;;1100;1705,5;3;1630618;;;;;;11835244;FECHAMENTO NFV FASE 2/PBC TPJ_PBC TPJ_01_PBC PBC TPJ/ESTACAO ENTREGA CTA MR/PRECO PADRAO;FORA DE REDE;1;1;TERCEIROS ETH
8703320;-14,3434722;-56,9590555;MT;NARL;TERCEIROS ETH;26;MASTER TELECOM - MT;352;CBA MC;NAO;;1000;1890;3;1630619;;;;;;11835245;FECHAMENTO NFV FASE 2//ESTACAO ENTREGA CBA MC/PRECO PADRAO;FORA DE REDE;1;1;TERCEIROS ETH
8703321;-2,56052777;-44,206;MA;SJE;TERCEIROS ETH;26;VTAL - MA;451;SLS US;NAO;;10506,53229;362,5354238;3;1630620;;;;;;11835246;FECHAMENTO NFV FASE 2//ESTACAO ENTREGA SLS US/PRECO PADRAO;FORA DE REDE;1;1;TERCEIROS ETH
8703322;-27,09741;-52,64971;SC;CCO;TERCEIROS ETH;26;VTAL - SC;465;FNS PO;NAO;;10404,47867;510,0825582;3;1630621;;;;;;11835247;FECHAMENTO NFV FASE 2/NUVEM SCCCO04 - NUVEM DIRETO CLARO SITE SCCCO04/ESTACAO ENTREGA FNS PO/PRECO PADRAO;FORA DE REDE;1;1;TERCEIROS ETH
8703323;-24,7496666;-53,7356388;PR;TOO;TERCEIROS ETH;26;VTAL - PR;459;CTA MR;NAO;;10404,47867;1111,095241;3;1630622;;CURITIBA|CTA MR;;;;11835248;FECHAMENTO NFV FASE 2/TOO AC_TOO AC_06_TOO TOO AC/ESTACAO ENTREGA CTA MR/PRECO PADRAO;FORA DE REDE;1;1;TERCEIROS ETH
8703324;-27,0091944;-51,1564444;SC;VII;TERCEIROS ETH;26;UNIFIQUE - SC;1440;FNS PO;NAO;;690;825;3;1630623;;111324;;;;11835249;FECHAMENTO NFV FASE 2//ESTACAO ENTREGA FNS PO/PRECO PADRAO;FORA DE REDE;1;1;TERCEIROS ETH
8703325;-23,25248;-45,93281;SP;SJC;TERCEIROS ETH;26;BRFIBRA;127;SPO IG;NAO;;800;694,28;3;1630624;;;;;;11835250;FECHAMENTO NFV FASE 2/NUVEM DO ANEL ACR SJC EB/ESTACAO ENTREGA SPO IG/PRECO PADRAO;FORA DE REDE;1;1;TERCEIROS ETH
8703326;-27,0046388;-51,0843055;SC;VII;TERCEIROS ETH;26;UNIFIQUE - SC;1440;FNS PO;NAO;;690;525;3;1630625;;;;;;11835251;FECHAMENTO NFV FASE 2/VII RFP_VII RFP_VII VII RFP/ESTACAO ENTREGA FNS PO/PRECO PADRAO;FORA DE REDE;1;1;TERCEIROS ETH
8703327;-24,5476388;-49,9233055;PR;PIS;TERCEIROS ETH;26;VTAL - PR;459;CTA MR;NAO;;10404,47867;459,3630814;3;1630626;;;;;;11835252;FECHAMENTO NFV FASE 2//ESTACAO ENTREGA CTA MR/PRECO PADRAO;FORA DE REDE;1;1;TERCEIROS ETH
8703328;-22,9000174;-47,2008174;SP;HORT;TERCEIROS ETH;26;IG NETWORKS;146;SPO IG;NAO;;2970;6681;3;1630627;;111325;;;;11835253;FECHAMENTO NFV FASE 2//ESTACAO ENTREGA SPO IG/PRECO PADRAO;FORA DE REDE;1;1;TERCEIROS ETH
8703329;-26,0382777;-53,0580833;PR;FNB;TERCEIROS ETH;26;VTAL - PR;459;CTA MR;NAO;;11048,84306;459,3630814;3;1630628;;;;;;11835254;FECHAMENTO NFV FASE 2/FNB TNC_FNB TNC_03_FNB FNB TNC/ESTACAO ENTREGA CTA MR/PRECO PADRAO;FORA DE REDE;1;1;TERCEIROS ETH
8703330;-3,0555762;-59,9030909;AM;MNS;TERCEIROS ETH;26;VTAL - AM;444;MNS EM;NAO;;9225,915002;288,0575119;3;1630629;;;;;;11835255;FECHAMENTO NFV FASE 2//ESTACAO ENTREGA MNS EM/PRECO PADRAO;FORA DE REDE;1;1;TERCEIROS ETH
8703331;-27,22973;-52,03257;SC;CDA;TERCEIROS ETH;26;VTAL - SC;465;FNS PO;NAO;;10404,47867;724,7826885;3;1630630;;111326;;;;11835256;FECHAMENTO NFV FASE 2/NUVEM SCCDA02 - NUVEM DIRETO CLARO SITE SCCDA02/ESTACAO ENTREGA FNS PO/PRECO PADRAO;FORA DE REDE;1;1;TERCEIROS ETH
8703332;-24,5751666;-53,8085833;PR;TOO;TERCEIROS ETH;26;VTAL - PR;459;CTA MR;NAO;;10404,47867;359,93828;3;1630631;;;;;;11835257;FECHAMENTO NFV FASE 2//ESTACAO ENTREGA CTA MR/PRECO PADRAO;FORA DE REDE;1;1;TERCEIROS ETH
8703333;-25,4306944;-49,3430833;PR;CTA;TERCEIROS ETH;26;SOLUCAO NETWORK - PR;740;CTA MR;NAO;;1100;14250;3;1630632;;111327;;;;11835258;FECHAMENTO NFV FASE 2//ESTACAO ENTREGA CTA MR/PRECO PADRAO;FORA DE REDE;1;1;TERCEIROS ETH
8703334;-18,1331111;-49,0720833;GO;BUG;TERCEIROS ETH;26;IG NETWORKS;146;GNA RD;NAO;;5610;3985;3;1630633;;;;;;11835259;FECHAMENTO NFV FASE 2//ESTACAO ENTREGA GNA RD/PRECO PADRAO;FORA DE REDE;1;1;TERCEIROS ETH
8703335;-17,8866111;-51,6510833;GO;JTI;TERCEIROS ETH;26;VTAL - GO;450;GNA RD;NAO;;10506,53229;1566,148281;3;1630634;;111328;;;;11835260;FECHAMENTO NFV FASE 2//ESTACAO ENTREGA GNA RD/PRECO PADRAO;FORA DE REDE;1;1;TERCEIROS ETH
